
[
  {"name":"Birmingham","state":"AL","timezone":"America/Chicago","shortLabel":"CT","lat":33.5207,"lon":-86.8025},
  {"name":"Montgomery","state":"AL","timezone":"America/Chicago","shortLabel":"CT","lat":32.3668,"lon":-86.2999},
  {"name":"Mobile","state":"AL","timezone":"America/Chicago","shortLabel":"CT","lat":30.6954,"lon":-88.0399},
  {"name":"Huntsville","state":"AL","timezone":"America/Chicago","shortLabel":"CT","lat":34.7304,"lon":-86.5861},
  {"name":"Tuscaloosa","state":"AL","timezone":"America/Chicago","shortLabel":"CT","lat":33.2098,"lon":-87.5692},
  {"name":"Dothan","state":"AL","timezone":"America/Chicago","shortLabel":"CT","lat":31.2232,"lon":-85.3905},
  {"name":"Auburn","state":"AL","timezone":"America/Chicago","shortLabel":"CT","lat":32.6099,"lon":-85.4808},
  {"name":"Decatur","state":"AL","timezone":"America/Chicago","shortLabel":"CT","lat":34.6115,"lon":-86.9834},
  {"name":"Gadsden","state":"AL","timezone":"America/Chicago","shortLabel":"CT","lat":34.0143,"lon":-86.0066},
  {"name":"Florence","state":"AL","timezone":"America/Chicago","shortLabel":"CT","lat":34.7998,"lon":-87.6773},
  {"name":"Anchorage","state":"AK","timezone":"America/Anchorage","shortLabel":"AKT","lat":61.2181,"lon":-149.9003},
  {"name":"Juneau","state":"AK","timezone":"America/Juneau","shortLabel":"AKT","lat":58.3019,"lon":-134.4197},
  {"name":"Fairbanks","state":"AK","timezone":"America/Anchorage","shortLabel":"AKT","lat":64.8378,"lon":-147.7164},
  {"name":"Adak","state":"AK","timezone":"America/Adak","shortLabel":"HAT","lat":51.8722,"lon":-176.6578},
  {"name":"Sitka","state":"AK","timezone":"America/Juneau","shortLabel":"AKT","lat":57.0531,"lon":-135.33},
  {"name":"Ketchikan","state":"AK","timezone":"America/Juneau","shortLabel":"AKT","lat":55.3422,"lon":-131.6461},
  {"name":"Wasilla","state":"AK","timezone":"America/Anchorage","shortLabel":"AKT","lat":61.5814,"lon":-149.4391},
  {"name":"Kenai","state":"AK","timezone":"America/Anchorage","shortLabel":"AKT","lat":60.5544,"lon":-151.2583},
  {"name":"Kodiak","state":"AK","timezone":"America/Anchorage","shortLabel":"AKT","lat":57.79,"lon":-152.4072},
  {"name":"Nome","state":"AK","timezone":"America/Nome","shortLabel":"AKT","lat":64.5011,"lon":-165.4064},
  {"name":"Phoenix","state":"AZ","timezone":"America/Phoenix","shortLabel":"MST","lat":33.4484,"lon":-112.074},
  {"name":"Tucson","state":"AZ","timezone":"America/Phoenix","shortLabel":"MST","lat":32.2217,"lon":-110.9265},
  {"name":"Mesa","state":"AZ","timezone":"America/Phoenix","shortLabel":"MST","lat":33.4223,"lon":-111.8226},
  {"name":"Chandler","state":"AZ","timezone":"America/Phoenix","shortLabel":"MST","lat":33.3062,"lon":-111.8413},
  {"name":"Scottsdale","state":"AZ","timezone":"America/Phoenix","shortLabel":"MST","lat":33.4942,"lon":-111.9261},
  {"name":"Glendale","state":"AZ","timezone":"America/Phoenix","shortLabel":"MST","lat":33.5386,"lon":-112.186},
  {"name":"Gilbert","state":"AZ","timezone":"America/Phoenix","shortLabel":"MST","lat":33.3528,"lon":-111.789},
  {"name":"Tempe","state":"AZ","timezone":"America/Phoenix","shortLabel":"MST","lat":33.4255,"lon":-111.94},
  {"name":"Flagstaff","state":"AZ","timezone":"America/Phoenix","shortLabel":"MST","lat":35.1983,"lon":-111.6513},
  {"name":"Yuma","state":"AZ","timezone":"America/Phoenix","shortLabel":"MST","lat":32.7253,"lon":-114.6247},
  {"name":"Prescott","state":"AZ","timezone":"America/Phoenix","shortLabel":"MST","lat":34.54,"lon":-112.4685},
  {"name":"Sedona","state":"AZ","timezone":"America/Phoenix","shortLabel":"MST","lat":34.87,"lon":-111.761},
  {"name":"Little Rock","state":"AR","timezone":"America/Chicago","shortLabel":"CT","lat":34.7465,"lon":-92.2896},
  {"name":"Fort Smith","state":"AR","timezone":"America/Chicago","shortLabel":"CT","lat":35.3859,"lon":-94.3985},
  {"name":"Fayetteville","state":"AR","timezone":"America/Chicago","shortLabel":"CT","lat":36.0626,"lon":-94.1574},
  {"name":"Springdale","state":"AR","timezone":"America/Chicago","shortLabel":"CT","lat":36.1867,"lon":-94.1288},
  {"name":"Jonesboro","state":"AR","timezone":"America/Chicago","shortLabel":"CT","lat":35.8423,"lon":-90.7043},
  {"name":"Conway","state":"AR","timezone":"America/Chicago","shortLabel":"CT","lat":35.0887,"lon":-92.4421},
  {"name":"Rogers","state":"AR","timezone":"America/Chicago","shortLabel":"CT","lat":36.332,"lon":-94.1186},
  {"name":"Pine Bluff","state":"AR","timezone":"America/Chicago","shortLabel":"CT","lat":34.2284,"lon":-92.0032},
  {"name":"Hot Springs","state":"AR","timezone":"America/Chicago","shortLabel":"CT","lat":34.5037,"lon":-93.0552},
  {"name":"Bentonville","state":"AR","timezone":"America/Chicago","shortLabel":"CT","lat":36.3728,"lon":-94.2088},
  {"name":"Los Angeles","state":"CA","timezone":"America/Los_Angeles","shortLabel":"PT","lat":34.0522,"lon":-118.2437},
  {"name":"San Diego","state":"CA","timezone":"America/Los_Angeles","shortLabel":"PT","lat":32.7157,"lon":-117.1611},
  {"name":"San Jose","state":"CA","timezone":"America/Los_Angeles","shortLabel":"PT","lat":37.3382,"lon":-121.8863},
  {"name":"San Francisco","state":"CA","timezone":"America/Los_Angeles","shortLabel":"PT","lat":37.7749,"lon":-122.4194},
  {"name":"Fresno","state":"CA","timezone":"America/Los_Angeles","shortLabel":"PT","lat":36.7468,"lon":-119.7726},
  {"name":"Sacramento","state":"CA","timezone":"America/Los_Angeles","shortLabel":"PT","lat":38.5816,"lon":-121.4944},
  {"name":"Long Beach","state":"CA","timezone":"America/Los_Angeles","shortLabel":"PT","lat":33.7701,"lon":-118.1937},
  {"name":"Oakland","state":"CA","timezone":"America/Los_Angeles","shortLabel":"PT","lat":37.8044,"lon":-122.2711},
  {"name":"Bakersfield","state":"CA","timezone":"America/Los_Angeles","shortLabel":"PT","lat":35.3733,"lon":-119.0187},
  {"name":"Anaheim","state":"CA","timezone":"America/Los_Angeles","shortLabel":"PT","lat":33.8366,"lon":-117.9143},
  {"name":"Santa Ana","state":"CA","timezone":"America/Los_Angeles","shortLabel":"PT","lat":33.7455,"lon":-117.8677},
  {"name":"Riverside","state":"CA","timezone":"America/Los_Angeles","shortLabel":"PT","lat":33.9534,"lon":-117.3962},
  {"name":"Stockton","state":"CA","timezone":"America/Los_Angeles","shortLabel":"PT","lat":37.9577,"lon":-121.2908},
  {"name":"Irvine","state":"CA","timezone":"America/Los_Angeles","shortLabel":"PT","lat":33.6846,"lon":-117.8265},
  {"name":"Palo Alto","state":"CA","timezone":"America/Los_Angeles","shortLabel":"PT","lat":37.4419,"lon":-122.143},
  {"name":"Santa Barbara","state":"CA","timezone":"America/Los_Angeles","shortLabel":"PT","lat":34.4208,"lon":-119.6982},
  {"name":"Palm Springs","state":"CA","timezone":"America/Los_Angeles","shortLabel":"PT","lat":33.8303,"lon":-116.5453},
  {"name":"Monterey","state":"CA","timezone":"America/Los_Angeles","shortLabel":"PT","lat":36.6002,"lon":-121.8947},
  {"name":"Redding","state":"CA","timezone":"America/Los_Angeles","shortLabel":"PT","lat":40.5865,"lon":-122.3917},
  {"name":"Eureka","state":"CA","timezone":"America/Los_Angeles","shortLabel":"PT","lat":40.8021,"lon":-124.1637},
  {"name":"Denver","state":"CO","timezone":"America/Denver","shortLabel":"MT","lat":39.7392,"lon":-104.9903},
  {"name":"Colorado Springs","state":"CO","timezone":"America/Denver","shortLabel":"MT","lat":38.8339,"lon":-104.8214},
  {"name":"Aurora","state":"CO","timezone":"America/Denver","shortLabel":"MT","lat":39.7294,"lon":-104.8319},
  {"name":"Fort Collins","state":"CO","timezone":"America/Denver","shortLabel":"MT","lat":40.5853,"lon":-105.0844},
  {"name":"Lakewood","state":"CO","timezone":"America/Denver","shortLabel":"MT","lat":39.7047,"lon":-105.0814},
  {"name":"Thornton","state":"CO","timezone":"America/Denver","shortLabel":"MT","lat":39.868,"lon":-104.9511},
  {"name":"Arvada","state":"CO","timezone":"America/Denver","shortLabel":"MT","lat":39.8028,"lon":-105.0875},
  {"name":"Westminster","state":"CO","timezone":"America/Denver","shortLabel":"MT","lat":39.8367,"lon":-105.0372},
  {"name":"Pueblo","state":"CO","timezone":"America/Denver","shortLabel":"MT","lat":38.2544,"lon":-104.6091},
  {"name":"Boulder","state":"CO","timezone":"America/Denver","shortLabel":"MT","lat":40.015,"lon":-105.2705},
  {"name":"Greeley","state":"CO","timezone":"America/Denver","shortLabel":"MT","lat":40.4233,"lon":-104.7091},
  {"name":"Grand Junction","state":"CO","timezone":"America/Denver","shortLabel":"MT","lat":39.0639,"lon":-108.5922},
  {"name":"Aspen","state":"CO","timezone":"America/Denver","shortLabel":"MT","lat":39.1911,"lon":-106.8175},
  {"name":"Vail","state":"CO","timezone":"America/Denver","shortLabel":"MT","lat":39.6444,"lon":-106.3761},
  {"name":"Durango","state":"CO","timezone":"America/Denver","shortLabel":"MT","lat":37.2753,"lon":-107.8801},
  {"name":"Bridgeport","state":"CT","timezone":"America/New_York","shortLabel":"ET","lat":41.1793,"lon":-73.1895},
  {"name":"New Haven","state":"CT","timezone":"America/New_York","shortLabel":"ET","lat":41.3083,"lon":-72.9279},
  {"name":"Stamford","state":"CT","timezone":"America/New_York","shortLabel":"ET","lat":41.0534,"lon":-73.5387},
  {"name":"Hartford","state":"CT","timezone":"America/New_York","shortLabel":"ET","lat":41.7658,"lon":-72.6734},
  {"name":"Waterbury","state":"CT","timezone":"America/New_York","shortLabel":"ET","lat":41.5582,"lon":-73.0515},
  {"name":"Norwalk","state":"CT","timezone":"America/New_York","shortLabel":"ET","lat":41.1177,"lon":-73.4082},
  {"name":"Danbury","state":"CT","timezone":"America/New_York","shortLabel":"ET","lat":41.3948,"lon":-73.454},
  {"name":"New Britain","state":"CT","timezone":"America/New_York","shortLabel":"ET","lat":41.6612,"lon":-72.7795},
  {"name":"Greenwich","state":"CT","timezone":"America/New_York","shortLabel":"ET","lat":41.0262,"lon":-73.6285},
  {"name":"Mystic","state":"CT","timezone":"America/New_York","shortLabel":"ET","lat":41.3543,"lon":-71.9665},
  {"name":"Wilmington","state":"DE","timezone":"America/New_York","shortLabel":"ET","lat":39.7391,"lon":-75.5398},
  {"name":"Dover","state":"DE","timezone":"America/New_York","shortLabel":"ET","lat":39.1582,"lon":-75.5244},
  {"name":"Newark","state":"DE","timezone":"America/New_York","shortLabel":"ET","lat":39.6837,"lon":-75.7497},
  {"name":"Middletown","state":"DE","timezone":"America/New_York","shortLabel":"ET","lat":39.449,"lon":-75.7161},
  {"name":"Smyrna","state":"DE","timezone":"America/New_York","shortLabel":"ET","lat":39.299,"lon":-75.6044},
  {"name":"Milford","state":"DE","timezone":"America/New_York","shortLabel":"ET","lat":38.9137,"lon":-75.426},
  {"name":"Rehoboth Beach","state":"DE","timezone":"America/New_York","shortLabel":"ET","lat":38.7182,"lon":-75.0757},
  {"name":"Lewes","state":"DE","timezone":"America/New_York","shortLabel":"ET","lat":38.7746,"lon":-75.1393},
  {"name":"Washington","state":"DC","timezone":"America/New_York","shortLabel":"ET","lat":38.9072,"lon":-77.0369},
  {"name":"Jacksonville","state":"FL","timezone":"America/New_York","shortLabel":"ET","lat":30.3322,"lon":-81.6557},
  {"name":"Miami","state":"FL","timezone":"America/New_York","shortLabel":"ET","lat":25.7617,"lon":-80.1918},
  {"name":"Tampa","state":"FL","timezone":"America/New_York","shortLabel":"ET","lat":27.9506,"lon":-82.4572},
  {"name":"Orlando","state":"FL","timezone":"America/New_York","shortLabel":"ET","lat":28.5383,"lon":-81.3792},
  {"name":"St. Petersburg","state":"FL","timezone":"America/New_York","shortLabel":"ET","lat":27.7676,"lon":-82.6403},
  {"name":"Hialeah","state":"FL","timezone":"America/New_York","shortLabel":"ET","lat":25.8576,"lon":-80.2781},
  {"name":"Tallahassee","state":"FL","timezone":"America/New_York","shortLabel":"ET","lat":30.4383,"lon":-84.2807},
  {"name":"Fort Lauderdale","state":"FL","timezone":"America/New_York","shortLabel":"ET","lat":26.1224,"lon":-80.1373},
  {"name":"Port St. Lucie","state":"FL","timezone":"America/New_York","shortLabel":"ET","lat":27.271,"lon":-80.3541},
  {"name":"Cape Coral","state":"FL","timezone":"America/New_York","shortLabel":"ET","lat":26.6629,"lon":-81.9792},
  {"name":"Pensacola","state":"FL","timezone":"America/Chicago","shortLabel":"CT","lat":30.4213,"lon":-87.2169},
  {"name":"Gainesville","state":"FL","timezone":"America/New_York","shortLabel":"ET","lat":29.6516,"lon":-82.3248},
  {"name":"Sarasota","state":"FL","timezone":"America/New_York","shortLabel":"ET","lat":27.3364,"lon":-82.5307},
  {"name":"Key West","state":"FL","timezone":"America/New_York","shortLabel":"ET","lat":24.5551,"lon":-81.78},
  {"name":"Daytona Beach","state":"FL","timezone":"America/New_York","shortLabel":"ET","lat":29.2108,"lon":-81.0228},
  {"name":"Atlanta","state":"GA","timezone":"America/New_York","shortLabel":"ET","lat":33.749,"lon":-84.388},
  {"name":"Augusta","state":"GA","timezone":"America/New_York","shortLabel":"ET","lat":33.4735,"lon":-82.0105},
  {"name":"Columbus","state":"GA","timezone":"America/New_York","shortLabel":"ET","lat":32.461,"lon":-84.9877},
  {"name":"Macon","state":"GA","timezone":"America/New_York","shortLabel":"ET","lat":32.8407,"lon":-83.6324},
  {"name":"Savannah","state":"GA","timezone":"America/New_York","shortLabel":"ET","lat":32.0835,"lon":-81.0998},
  {"name":"Athens","state":"GA","timezone":"America/New_York","shortLabel":"ET","lat":33.9609,"lon":-83.3779},
  {"name":"Sandy Springs","state":"GA","timezone":"America/New_York","shortLabel":"ET","lat":33.9392,"lon":-84.3733},
  {"name":"Roswell","state":"GA","timezone":"America/New_York","shortLabel":"ET","lat":34.0226,"lon":-84.3616},
  {"name":"Johns Creek","state":"GA","timezone":"America/New_York","shortLabel":"ET","lat":34.0289,"lon":-84.1986},
  {"name":"Warner Robins","state":"GA","timezone":"America/New_York","shortLabel":"ET","lat":32.6152,"lon":-83.6263},
  {"name":"Valdosta","state":"GA","timezone":"America/New_York","shortLabel":"ET","lat":30.8333,"lon":-83.2803},
  {"name":"Honolulu","state":"HI","timezone":"Pacific/Honolulu","shortLabel":"HST","lat":21.3069,"lon":-157.8583},
  {"name":"Pearl City","state":"HI","timezone":"Pacific/Honolulu","shortLabel":"HST","lat":21.3969,"lon":-157.9739},
  {"name":"Hilo","state":"HI","timezone":"Pacific/Honolulu","shortLabel":"HST","lat":19.7297,"lon":-155.0908},
  {"name":"Kailua","state":"HI","timezone":"Pacific/Honolulu","shortLabel":"HST","lat":21.4022,"lon":-157.7394},
  {"name":"Waipahu","state":"HI","timezone":"Pacific/Honolulu","shortLabel":"HST","lat":21.3869,"lon":-158.0092},
  {"name":"Kaneohe","state":"HI","timezone":"Pacific/Honolulu","shortLabel":"HST","lat":21.4089,"lon":-157.7967},
  {"name":"Lahaina","state":"HI","timezone":"Pacific/Honolulu","shortLabel":"HST","lat":20.8783,"lon":-156.6825},
  {"name":"Kahului","state":"HI","timezone":"Pacific/Honolulu","shortLabel":"HST","lat":20.8895,"lon":-156.4744},
  {"name":"Boise","state":"ID","timezone":"America/Boise","shortLabel":"MT","lat":43.615,"lon":-116.2023},
  {"name":"Meridian","state":"ID","timezone":"America/Boise","shortLabel":"MT","lat":43.6121,"lon":-116.3915},
  {"name":"Nampa","state":"ID","timezone":"America/Boise","shortLabel":"MT","lat":43.5407,"lon":-116.5635},
  {"name":"Idaho Falls","state":"ID","timezone":"America/Boise","shortLabel":"MT","lat":43.4927,"lon":-112.0408},
  {"name":"Pocatello","state":"ID","timezone":"America/Boise","shortLabel":"MT","lat":42.8713,"lon":-112.4455},
  {"name":"Caldwell","state":"ID","timezone":"America/Boise","shortLabel":"MT","lat":43.6629,"lon":-116.6874},
  {"name":"Coeur d'Alene","state":"ID","timezone":"America/Los_Angeles","shortLabel":"PT","lat":47.6777,"lon":-116.7805},
  {"name":"Twin Falls","state":"ID","timezone":"America/Boise","shortLabel":"MT","lat":42.5629,"lon":-114.4608},
  {"name":"Lewiston","state":"ID","timezone":"America/Los_Angeles","shortLabel":"PT","lat":46.4182,"lon":-117.021},
  {"name":"Sun Valley","state":"ID","timezone":"America/Boise","shortLabel":"MT","lat":43.6808,"lon":-114.342},
  {"name":"Moscow","state":"ID","timezone":"America/Los_Angeles","shortLabel":"PT","lat":46.7324,"lon":-117.0002},
  {"name":"Chicago","state":"IL","timezone":"America/Chicago","shortLabel":"CT","lat":41.8781,"lon":-87.6298},
  {"name":"Aurora","state":"IL","timezone":"America/Chicago","shortLabel":"CT","lat":41.7606,"lon":-88.3201},
  {"name":"Joliet","state":"IL","timezone":"America/Chicago","shortLabel":"CT","lat":41.525,"lon":-88.0817},
  {"name":"Naperville","state":"IL","timezone":"America/Chicago","shortLabel":"CT","lat":41.7731,"lon":-88.1481},
  {"name":"Rockford","state":"IL","timezone":"America/Chicago","shortLabel":"CT","lat":42.2711,"lon":-89.094},
  {"name":"Springfield","state":"IL","timezone":"America/Chicago","shortLabel":"CT","lat":39.7817,"lon":-89.6501},
  {"name":"Peoria","state":"IL","timezone":"America/Chicago","shortLabel":"CT","lat":40.6936,"lon":-89.589},
  {"name":"Elgin","state":"IL","timezone":"America/Chicago","shortLabel":"CT","lat":42.0354,"lon":-88.2825},
  {"name":"Waukegan","state":"IL","timezone":"America/Chicago","shortLabel":"CT","lat":42.3639,"lon":-87.8448},
  {"name":"Champaign","state":"IL","timezone":"America/Chicago","shortLabel":"CT","lat":40.1164,"lon":-88.2434},
  {"name":"Urbana","state":"IL","timezone":"America/Chicago","shortLabel":"CT","lat":40.1106,"lon":-88.2073},
  {"name":"Evanston","state":"IL","timezone":"America/Chicago","shortLabel":"CT","lat":42.0451,"lon":-87.6877},
  {"name":"Indianapolis","state":"IN","timezone":"America/Indiana/Indianapolis","shortLabel":"ET","lat":39.7684,"lon":-86.1581},
  {"name":"Fort Wayne","state":"IN","timezone":"America/Indiana/Indianapolis","shortLabel":"ET","lat":41.0793,"lon":-85.1394},
  {"name":"Evansville","state":"IN","timezone":"America/Chicago","shortLabel":"CT","lat":37.9716,"lon":-87.5714},
  {"name":"South Bend","state":"IN","timezone":"America/Indiana/Indianapolis","shortLabel":"ET","lat":41.6764,"lon":-86.252},
  {"name":"Carmel","state":"IN","timezone":"America/Indiana/Indianapolis","shortLabel":"ET","lat":39.9784,"lon":-86.118},
  {"name":"Fishers","state":"IN","timezone":"America/Indiana/Indianapolis","shortLabel":"ET","lat":39.9628,"lon":-86.0122},
  {"name":"Bloomington","state":"IN","timezone":"America/Indiana/Indianapolis","shortLabel":"ET","lat":39.1653,"lon":-86.5264},
  {"name":"Hammond","state":"IN","timezone":"America/Chicago","shortLabel":"CT","lat":41.6053,"lon":-87.502},
  {"name":"Gary","state":"IN","timezone":"America/Chicago","shortLabel":"CT","lat":41.5934,"lon":-87.3462},
  {"name":"Lafayette","state":"IN","timezone":"America/Indiana/Indianapolis","shortLabel":"ET","lat":40.4167,"lon":-86.8753},
  {"name":"Terre Haute","state":"IN","timezone":"America/Indiana/Indianapolis","shortLabel":"ET","lat":39.4667,"lon":-87.4139},
  {"name":"Des Moines","state":"IA","timezone":"America/Chicago","shortLabel":"CT","lat":41.6005,"lon":-93.6091},
  {"name":"Cedar Rapids","state":"IA","timezone":"America/Chicago","shortLabel":"CT","lat":41.9779,"lon":-91.6656},
  {"name":"Davenport","state":"IA","timezone":"America/Chicago","shortLabel":"CT","lat":41.5236,"lon":-90.5776},
  {"name":"Sioux City","state":"IA","timezone":"America/Chicago","shortLabel":"CT","lat":42.4999,"lon":-96.4003},
  {"name":"Iowa City","state":"IA","timezone":"America/Chicago","shortLabel":"CT","lat":41.6611,"lon":-91.5302},
  {"name":"Waterloo","state":"IA","timezone":"America/Chicago","shortLabel":"CT","lat":42.4928,"lon":-92.343},
  {"name":"Ames","state":"IA","timezone":"America/Chicago","shortLabel":"CT","lat":42.0347,"lon":-93.62},
  {"name":"Council Bluffs","state":"IA","timezone":"America/Chicago","shortLabel":"CT","lat":41.2619,"lon":-95.8608},
  {"name":"Dubuque","state":"IA","timezone":"America/Chicago","shortLabel":"CT","lat":42.5006,"lon":-90.6646},
  {"name":"Wichita","state":"KS","timezone":"America/Chicago","shortLabel":"CT","lat":37.6872,"lon":-97.3301},
  {"name":"Overland Park","state":"KS","timezone":"America/Chicago","shortLabel":"CT","lat":38.9822,"lon":-94.6708},
  {"name":"Kansas City","state":"KS","timezone":"America/Chicago","shortLabel":"CT","lat":39.1142,"lon":-94.6275},
  {"name":"Topeka","state":"KS","timezone":"America/Chicago","shortLabel":"CT","lat":39.0473,"lon":-95.678},
  {"name":"Olathe","state":"KS","timezone":"America/Chicago","shortLabel":"CT","lat":38.8839,"lon":-94.8191},
  {"name":"Lawrence","state":"KS","timezone":"America/Chicago","shortLabel":"CT","lat":38.9717,"lon":-95.2353},
  {"name":"Shawnee","state":"KS","timezone":"America/Chicago","shortLabel":"CT","lat":39.0231,"lon":-94.7144},
  {"name":"Manhattan","state":"KS","timezone":"America/Chicago","shortLabel":"CT","lat":39.1836,"lon":-96.5717},
  {"name":"Salina","state":"KS","timezone":"America/Chicago","shortLabel":"CT","lat":38.8403,"lon":-97.6114},
  {"name":"Dodge City","state":"KS","timezone":"America/Chicago","shortLabel":"CT","lat":37.7528,"lon":-100.0171},
  {"name":"Louisville","state":"KY","timezone":"America/Kentucky/Louisville","shortLabel":"ET","lat":38.2527,"lon":-85.7585},
  {"name":"Lexington","state":"KY","timezone":"America/New_York","shortLabel":"ET","lat":38.0406,"lon":-84.5037},
  {"name":"Bowling Green","state":"KY","timezone":"America/Chicago","shortLabel":"CT","lat":36.9947,"lon":-86.4436},
  {"name":"Owensboro","state":"KY","timezone":"America/Chicago","shortLabel":"CT","lat":37.7745,"lon":-87.113},
  {"name":"Covington","state":"KY","timezone":"America/New_York","shortLabel":"ET","lat":39.0837,"lon":-84.5086},
  {"name":"Frankfort","state":"KY","timezone":"America/New_York","shortLabel":"ET","lat":38.2009,"lon":-84.8733},
  {"name":"Paducah","state":"KY","timezone":"America/Chicago","shortLabel":"CT","lat":37.0833,"lon":-88.6001},
  {"name":"Richmond","state":"KY","timezone":"America/New_York","shortLabel":"ET","lat":37.7478,"lon":-84.2949},
  {"name":"New Orleans","state":"LA","timezone":"America/Chicago","shortLabel":"CT","lat":29.9511,"lon":-90.0715},
  {"name":"Baton Rouge","state":"LA","timezone":"America/Chicago","shortLabel":"CT","lat":30.4583,"lon":-91.1403},
  {"name":"Shreveport","state":"LA","timezone":"America/Chicago","shortLabel":"CT","lat":32.5252,"lon":-93.7502},
  {"name":"Lafayette","state":"LA","timezone":"America/Chicago","shortLabel":"CT","lat":30.2241,"lon":-92.0198},
  {"name":"Lake Charles","state":"LA","timezone":"America/Chicago","shortLabel":"CT","lat":30.2266,"lon":-93.2174},
  {"name":"Kenner","state":"LA","timezone":"America/Chicago","shortLabel":"CT","lat":29.9941,"lon":-90.242},
  {"name":"Metairie","state":"LA","timezone":"America/Chicago","shortLabel":"CT","lat":29.9841,"lon":-90.1529},
  {"name":"Monroe","state":"LA","timezone":"America/Chicago","shortLabel":"CT","lat":32.5093,"lon":-92.1193},
  {"name":"Alexandria","state":"LA","timezone":"America/Chicago","shortLabel":"CT","lat":31.3113,"lon":-92.4451},
  {"name":"Portland","state":"ME","timezone":"America/New_York","shortLabel":"ET","lat":43.6615,"lon":-70.2553},
  {"name":"Lewiston","state":"ME","timezone":"America/New_York","shortLabel":"ET","lat":44.1004,"lon":-70.2148},
  {"name":"Bangor","state":"ME","timezone":"America/New_York","shortLabel":"ET","lat":44.8012,"lon":-68.7778},
  {"name":"South Portland","state":"ME","timezone":"America/New_York","shortLabel":"ET","lat":43.6415,"lon":-70.2709},
  {"name":"Auburn","state":"ME","timezone":"America/New_York","shortLabel":"ET","lat":44.0931,"lon":-70.232},
  {"name":"Augusta","state":"ME","timezone":"America/New_York","shortLabel":"ET","lat":44.3106,"lon":-69.7795},
  {"name":"Bar Harbor","state":"ME","timezone":"America/New_York","shortLabel":"ET","lat":44.3876,"lon":-68.2039},
  {"name":"Kennebunkport","state":"ME","timezone":"America/New_York","shortLabel":"ET","lat":43.3618,"lon":-70.477},
  {"name":"Baltimore","state":"MD","timezone":"America/New_York","shortLabel":"ET","lat":39.2904,"lon":-76.6122},
  {"name":"Columbia","state":"MD","timezone":"America/New_York","shortLabel":"ET","lat":39.204,"lon":-76.8647},
  {"name":"Germantown","state":"MD","timezone":"America/New_York","shortLabel":"ET","lat":39.1729,"lon":-77.2694},
  {"name":"Silver Spring","state":"MD","timezone":"America/New_York","shortLabel":"ET","lat":38.9907,"lon":-77.0261},
  {"name":"Waldorf","state":"MD","timezone":"America/New_York","shortLabel":"ET","lat":38.6532,"lon":-76.9036},
  {"name":"Frederick","state":"MD","timezone":"America/New_York","shortLabel":"ET","lat":39.4143,"lon":-77.4105},
  {"name":"Rockville","state":"MD","timezone":"America/New_York","shortLabel":"ET","lat":39.084,"lon":-77.1528},
  {"name":"Annapolis","state":"MD","timezone":"America/New_York","shortLabel":"ET","lat":38.9784,"lon":-76.4922},
  {"name":"Ocean City","state":"MD","timezone":"America/New_York","shortLabel":"ET","lat":38.3365,"lon":-75.0849},
  {"name":"Hagerstown","state":"MD","timezone":"America/New_York","shortLabel":"ET","lat":39.6418,"lon":-77.72},
  {"name":"Boston","state":"MA","timezone":"America/New_York","shortLabel":"ET","lat":42.3601,"lon":-71.0589},
  {"name":"Worcester","state":"MA","timezone":"America/New_York","shortLabel":"ET","lat":42.2626,"lon":-71.7981},
  {"name":"Springfield","state":"MA","timezone":"America/New_York","shortLabel":"ET","lat":42.1015,"lon":-72.5898},
  {"name":"Cambridge","state":"MA","timezone":"America/New_York","shortLabel":"ET","lat":42.3736,"lon":-71.1097},
  {"name":"Lowell","state":"MA","timezone":"America/New_York","shortLabel":"ET","lat":42.6334,"lon":-71.3162},
  {"name":"Brockton","state":"MA","timezone":"America/New_York","shortLabel":"ET","lat":42.0834,"lon":-71.0184},
  {"name":"Quincy","state":"MA","timezone":"America/New_York","shortLabel":"ET","lat":42.2529,"lon":-71.0023},
  {"name":"Lynn","state":"MA","timezone":"America/New_York","shortLabel":"ET","lat":42.4668,"lon":-70.9495},
  {"name":"Plymouth","state":"MA","timezone":"America/New_York","shortLabel":"ET","lat":41.9584,"lon":-70.6673},
  {"name":"Salem","state":"MA","timezone":"America/New_York","shortLabel":"ET","lat":42.5195,"lon":-70.8967},
  {"name":"Provincetown","state":"MA","timezone":"America/New_York","shortLabel":"ET","lat":42.0584,"lon":-70.1783},
  {"name":"Detroit","state":"MI","timezone":"America/Detroit","shortLabel":"ET","lat":42.3314,"lon":-83.0458},
  {"name":"Grand Rapids","state":"MI","timezone":"America/Detroit","shortLabel":"ET","lat":42.9634,"lon":-85.6681},
  {"name":"Warren","state":"MI","timezone":"America/Detroit","shortLabel":"ET","lat":42.4925,"lon":-83.0258},
  {"name":"Sterling Heights","state":"MI","timezone":"America/Detroit","shortLabel":"ET","lat":42.5803,"lon":-83.0302},
  {"name":"Ann Arbor","state":"MI","timezone":"America/Detroit","shortLabel":"ET","lat":42.2808,"lon":-83.743},
  {"name":"Lansing","state":"MI","timezone":"America/Detroit","shortLabel":"ET","lat":42.7325,"lon":-84.5555},
  {"name":"Flint","state":"MI","timezone":"America/Detroit","shortLabel":"ET","lat":43.0125,"lon":-83.6875},
  {"name":"Kalamazoo","state":"MI","timezone":"America/Detroit","shortLabel":"ET","lat":42.2917,"lon":-85.5872},
  {"name":"Traverse City","state":"MI","timezone":"America/Detroit","shortLabel":"ET","lat":44.7631,"lon":-85.6206},
  {"name":"Marquette","state":"MI","timezone":"America/Detroit","shortLabel":"ET","lat":46.5436,"lon":-87.3954},
  {"name":"Iron Mountain","state":"MI","timezone":"America/Menominee","shortLabel":"CT","lat":45.8208,"lon":-88.0651},
  {"name":"Sault Ste. Marie","state":"MI","timezone":"America/Detroit","shortLabel":"ET","lat":46.495,"lon":-84.3465},
  {"name":"Minneapolis","state":"MN","timezone":"America/Chicago","shortLabel":"CT","lat":44.9778,"lon":-93.265},
  {"name":"Saint Paul","state":"MN","timezone":"America/Chicago","shortLabel":"CT","lat":44.9537,"lon":-93.09},
  {"name":"Rochester","state":"MN","timezone":"America/Chicago","shortLabel":"CT","lat":44.0247,"lon":-92.4669},
  {"name":"Duluth","state":"MN","timezone":"America/Chicago","shortLabel":"CT","lat":46.7867,"lon":-92.1005},
  {"name":"Bloomington","state":"MN","timezone":"America/Chicago","shortLabel":"CT","lat":44.8408,"lon":-93.333},
  {"name":"Brooklyn Park","state":"MN","timezone":"America/Chicago","shortLabel":"CT","lat":45.0933,"lon":-93.3552},
  {"name":"Plymouth","state":"MN","timezone":"America/Chicago","shortLabel":"CT","lat":45.011,"lon":-93.4566},
  {"name":"St. Cloud","state":"MN","timezone":"America/Chicago","shortLabel":"CT","lat":45.5579,"lon":-94.1632},
  {"name":"Mankato","state":"MN","timezone":"America/Chicago","shortLabel":"CT","lat":44.1636,"lon":-93.9994},
  {"name":"Jackson","state":"MS","timezone":"America/Chicago","shortLabel":"CT","lat":32.2988,"lon":-90.1848},
  {"name":"Gulfport","state":"MS","timezone":"America/Chicago","shortLabel":"CT","lat":30.3674,"lon":-89.0928},
  {"name":"Southaven","state":"MS","timezone":"America/Chicago","shortLabel":"CT","lat":34.9887,"lon":-89.9918},
  {"name":"Hattiesburg","state":"MS","timezone":"America/Chicago","shortLabel":"CT","lat":31.3271,"lon":-89.2903},
  {"name":"Biloxi","state":"MS","timezone":"America/Chicago","shortLabel":"CT","lat":30.396,"lon":-88.8853},
  {"name":"Meridian","state":"MS","timezone":"America/Chicago","shortLabel":"CT","lat":32.3643,"lon":-88.7037},
  {"name":"Tupelo","state":"MS","timezone":"America/Chicago","shortLabel":"CT","lat":34.2576,"lon":-88.7034},
  {"name":"Vicksburg","state":"MS","timezone":"America/Chicago","shortLabel":"CT","lat":32.3526,"lon":-90.8779},
  {"name":"Oxford","state":"MS","timezone":"America/Chicago","shortLabel":"CT","lat":34.3662,"lon":-89.5193},
  {"name":"Kansas City","state":"MO","timezone":"America/Chicago","shortLabel":"CT","lat":39.0997,"lon":-94.5786},
  {"name":"Saint Louis","state":"MO","timezone":"America/Chicago","shortLabel":"CT","lat":38.627,"lon":-90.1994},
  {"name":"Springfield","state":"MO","timezone":"America/Chicago","shortLabel":"CT","lat":37.209,"lon":-93.2923},
  {"name":"Columbia","state":"MO","timezone":"America/Chicago","shortLabel":"CT","lat":38.9517,"lon":-92.3341},
  {"name":"Independence","state":"MO","timezone":"America/Chicago","shortLabel":"CT","lat":39.0911,"lon":-94.4155},
  {"name":"Lee's Summit","state":"MO","timezone":"America/Chicago","shortLabel":"CT","lat":38.9108,"lon":-94.3824},
  {"name":"Jefferson City","state":"MO","timezone":"America/Chicago","shortLabel":"CT","lat":38.5767,"lon":-92.1735},
  {"name":"Branson","state":"MO","timezone":"America/Chicago","shortLabel":"CT","lat":36.6437,"lon":-93.2185},
  {"name":"Joplin","state":"MO","timezone":"America/Chicago","shortLabel":"CT","lat":37.0842,"lon":-94.5133},
  {"name":"Billings","state":"MT","timezone":"America/Denver","shortLabel":"MT","lat":45.7833,"lon":-108.5007},
  {"name":"Missoula","state":"MT","timezone":"America/Denver","shortLabel":"MT","lat":46.8721,"lon":-113.994},
  {"name":"Great Falls","state":"MT","timezone":"America/Denver","shortLabel":"MT","lat":47.5002,"lon":-111.3008},
  {"name":"Bozeman","state":"MT","timezone":"America/Denver","shortLabel":"MT","lat":45.677,"lon":-111.0429},
  {"name":"Butte","state":"MT","timezone":"America/Denver","shortLabel":"MT","lat":46.0038,"lon":-112.533},
  {"name":"Helena","state":"MT","timezone":"America/Denver","shortLabel":"MT","lat":46.5927,"lon":-112.0361},
  {"name":"Kalispell","state":"MT","timezone":"America/Denver","shortLabel":"MT","lat":48.1958,"lon":-114.3151},
  {"name":"Whitefish","state":"MT","timezone":"America/Denver","shortLabel":"MT","lat":48.4116,"lon":-114.3368},
  {"name":"Omaha","state":"NE","timezone":"America/Chicago","shortLabel":"CT","lat":41.2565,"lon":-95.9345},
  {"name":"Lincoln","state":"NE","timezone":"America/Chicago","shortLabel":"CT","lat":40.8136,"lon":-96.7026},
  {"name":"Bellevue","state":"NE","timezone":"America/Chicago","shortLabel":"CT","lat":41.16,"lon":-95.9189},
  {"name":"Grand Island","state":"NE","timezone":"America/Chicago","shortLabel":"CT","lat":40.9247,"lon":-98.342},
  {"name":"Kearney","state":"NE","timezone":"America/Chicago","shortLabel":"CT","lat":40.6995,"lon":-99.0815},
  {"name":"North Platte","state":"NE","timezone":"America/Denver","shortLabel":"MT","lat":41.1394,"lon":-100.7663},
  {"name":"Scottsbluff","state":"NE","timezone":"America/Denver","shortLabel":"MT","lat":41.8666,"lon":-103.6672},
  {"name":"Las Vegas","state":"NV","timezone":"America/Los_Angeles","shortLabel":"PT","lat":36.1699,"lon":-115.1398},
  {"name":"Henderson","state":"NV","timezone":"America/Los_Angeles","shortLabel":"PT","lat":36.0395,"lon":-115.0277},
  {"name":"Reno","state":"NV","timezone":"America/Los_Angeles","shortLabel":"PT","lat":39.5296,"lon":-119.8138},
  {"name":"North Las Vegas","state":"NV","timezone":"America/Los_Angeles","shortLabel":"PT","lat":36.1977,"lon":-115.1175},
  {"name":"Sparks","state":"NV","timezone":"America/Los_Angeles","shortLabel":"PT","lat":39.5349,"lon":-119.7538},
  {"name":"Carson City","state":"NV","timezone":"America/Los_Angeles","shortLabel":"PT","lat":39.1638,"lon":-119.7674},
  {"name":"Elko","state":"NV","timezone":"America/Los_Angeles","shortLabel":"PT","lat":40.8324,"lon":-115.7631},
  {"name":"Lake Tahoe","state":"NV","timezone":"America/Los_Angeles","shortLabel":"PT","lat":39.0968,"lon":-120.0324},
  {"name":"Manchester","state":"NH","timezone":"America/New_York","shortLabel":"ET","lat":42.9956,"lon":-71.4548},
  {"name":"Nashua","state":"NH","timezone":"America/New_York","shortLabel":"ET","lat":42.7654,"lon":-71.4679},
  {"name":"Concord","state":"NH","timezone":"America/New_York","shortLabel":"ET","lat":43.2081,"lon":-71.5376},
  {"name":"Derry","state":"NH","timezone":"America/New_York","shortLabel":"ET","lat":42.8954,"lon":-71.3148},
  {"name":"Portsmouth","state":"NH","timezone":"America/New_York","shortLabel":"ET","lat":43.0718,"lon":-70.7626},
  {"name":"Keene","state":"NH","timezone":"America/New_York","shortLabel":"ET","lat":42.9337,"lon":-72.2781},
  {"name":"Hanover","state":"NH","timezone":"America/New_York","shortLabel":"ET","lat":43.7022,"lon":-72.2896},
  {"name":"Newark","state":"NJ","timezone":"America/New_York","shortLabel":"ET","lat":40.7357,"lon":-74.1724},
  {"name":"Jersey City","state":"NJ","timezone":"America/New_York","shortLabel":"ET","lat":40.7282,"lon":-74.0776},
  {"name":"Paterson","state":"NJ","timezone":"America/New_York","shortLabel":"ET","lat":40.9168,"lon":-74.1718},
  {"name":"Elizabeth","state":"NJ","timezone":"America/New_York","shortLabel":"ET","lat":40.6637,"lon":-74.2107},
  {"name":"Edison","state":"NJ","timezone":"America/New_York","shortLabel":"ET","lat":40.5187,"lon":-74.4121},
  {"name":"Trenton","state":"NJ","timezone":"America/New_York","shortLabel":"ET","lat":40.2171,"lon":-74.7429},
  {"name":"Atlantic City","state":"NJ","timezone":"America/New_York","shortLabel":"ET","lat":39.3643,"lon":-74.4229},
  {"name":"Princeton","state":"NJ","timezone":"America/New_York","shortLabel":"ET","lat":40.3487,"lon":-74.6591},
  {"name":"Camden","state":"NJ","timezone":"America/New_York","shortLabel":"ET","lat":39.9259,"lon":-75.1196},
  {"name":"Albuquerque","state":"NM","timezone":"America/Denver","shortLabel":"MT","lat":35.0844,"lon":-106.6504},
  {"name":"Las Cruces","state":"NM","timezone":"America/Denver","shortLabel":"MT","lat":32.3199,"lon":-106.7786},
  {"name":"Rio Rancho","state":"NM","timezone":"America/Denver","shortLabel":"MT","lat":35.2339,"lon":-106.6631},
  {"name":"Santa Fe","state":"NM","timezone":"America/Denver","shortLabel":"MT","lat":35.687,"lon":-105.9378},
  {"name":"Roswell","state":"NM","timezone":"America/Denver","shortLabel":"MT","lat":33.3943,"lon":-104.523},
  {"name":"Farmington","state":"NM","timezone":"America/Denver","shortLabel":"MT","lat":36.7281,"lon":-108.2187},
  {"name":"Taos","state":"NM","timezone":"America/Denver","shortLabel":"MT","lat":36.4072,"lon":-105.5731},
  {"name":"New York","state":"NY","timezone":"America/New_York","shortLabel":"ET","lat":40.7128,"lon":-74.006},
  {"name":"Buffalo","state":"NY","timezone":"America/New_York","shortLabel":"ET","lat":42.8864,"lon":-78.8784},
  {"name":"Rochester","state":"NY","timezone":"America/New_York","shortLabel":"ET","lat":43.1566,"lon":-77.6088},
  {"name":"Yonkers","state":"NY","timezone":"America/New_York","shortLabel":"ET","lat":40.9312,"lon":-73.8988},
  {"name":"Syracuse","state":"NY","timezone":"America/New_York","shortLabel":"ET","lat":43.0481,"lon":-76.1474},
  {"name":"Albany","state":"NY","timezone":"America/New_York","shortLabel":"ET","lat":42.6526,"lon":-73.7562},
  {"name":"New Rochelle","state":"NY","timezone":"America/New_York","shortLabel":"ET","lat":40.9115,"lon":-73.7824},
  {"name":"Niagara Falls","state":"NY","timezone":"America/New_York","shortLabel":"ET","lat":43.0962,"lon":-79.0377},
  {"name":"Ithaca","state":"NY","timezone":"America/New_York","shortLabel":"ET","lat":42.444,"lon":-76.5019},
  {"name":"Saratoga Springs","state":"NY","timezone":"America/New_York","shortLabel":"ET","lat":43.0831,"lon":-73.7846},
  {"name":"Charlotte","state":"NC","timezone":"America/New_York","shortLabel":"ET","lat":35.2271,"lon":-80.8431},
  {"name":"Raleigh","state":"NC","timezone":"America/New_York","shortLabel":"ET","lat":35.7796,"lon":-78.6382},
  {"name":"Greensboro","state":"NC","timezone":"America/New_York","shortLabel":"ET","lat":36.0726,"lon":-79.792},
  {"name":"Durham","state":"NC","timezone":"America/New_York","shortLabel":"ET","lat":35.994,"lon":-78.8986},
  {"name":"Winston-Salem","state":"NC","timezone":"America/New_York","shortLabel":"ET","lat":36.0999,"lon":-80.2442},
  {"name":"Fayetteville","state":"NC","timezone":"America/New_York","shortLabel":"ET","lat":35.0527,"lon":-78.8786},
  {"name":"Cary","state":"NC","timezone":"America/New_York","shortLabel":"ET","lat":35.7915,"lon":-78.7811},
  {"name":"Wilmington","state":"NC","timezone":"America/New_York","shortLabel":"ET","lat":34.2257,"lon":-77.9447},
  {"name":"Asheville","state":"NC","timezone":"America/New_York","shortLabel":"ET","lat":35.5951,"lon":-82.5515},
  {"name":"Outer Banks","state":"NC","timezone":"America/New_York","shortLabel":"ET","lat":35.564,"lon":-75.5204},
  {"name":"Fargo","state":"ND","timezone":"America/Chicago","shortLabel":"CT","lat":46.8772,"lon":-96.7898},
  {"name":"Bismarck","state":"ND","timezone":"America/Chicago","shortLabel":"CT","lat":46.8083,"lon":-100.7837},
  {"name":"Grand Forks","state":"ND","timezone":"America/Chicago","shortLabel":"CT","lat":47.9253,"lon":-97.0329},
  {"name":"Minot","state":"ND","timezone":"America/Chicago","shortLabel":"CT","lat":48.2325,"lon":-101.2963},
  {"name":"Williston","state":"ND","timezone":"America/Denver","shortLabel":"MT","lat":48.147,"lon":-103.6238},
  {"name":"Dickinson","state":"ND","timezone":"America/Denver","shortLabel":"MT","lat":46.8795,"lon":-102.7896},
  {"name":"Mandan","state":"ND","timezone":"America/Chicago","shortLabel":"CT","lat":46.8258,"lon":-100.8901},
  {"name":"Columbus","state":"OH","timezone":"America/New_York","shortLabel":"ET","lat":39.9612,"lon":-82.9988},
  {"name":"Cleveland","state":"OH","timezone":"America/New_York","shortLabel":"ET","lat":41.4993,"lon":-81.6944},
  {"name":"Cincinnati","state":"OH","timezone":"America/New_York","shortLabel":"ET","lat":39.1031,"lon":-84.512},
  {"name":"Toledo","state":"OH","timezone":"America/New_York","shortLabel":"ET","lat":41.6528,"lon":-83.5379},
  {"name":"Akron","state":"OH","timezone":"America/New_York","shortLabel":"ET","lat":41.0814,"lon":-81.519},
  {"name":"Dayton","state":"OH","timezone":"America/New_York","shortLabel":"ET","lat":39.7589,"lon":-84.1916},
  {"name":"Canton","state":"OH","timezone":"America/New_York","shortLabel":"ET","lat":40.7989,"lon":-81.3785},
  {"name":"Youngstown","state":"OH","timezone":"America/New_York","shortLabel":"ET","lat":41.0998,"lon":-80.6495},
  {"name":"Oklahoma City","state":"OK","timezone":"America/Chicago","shortLabel":"CT","lat":35.4676,"lon":-97.5164},
  {"name":"Tulsa","state":"OK","timezone":"America/Chicago","shortLabel":"CT","lat":36.154,"lon":-95.9928},
  {"name":"Norman","state":"OK","timezone":"America/Chicago","shortLabel":"CT","lat":35.2226,"lon":-97.4395},
  {"name":"Broken Arrow","state":"OK","timezone":"America/Chicago","shortLabel":"CT","lat":36.0415,"lon":-95.7842},
  {"name":"Lawton","state":"OK","timezone":"America/Chicago","shortLabel":"CT","lat":34.6087,"lon":-98.3903},
  {"name":"Edmond","state":"OK","timezone":"America/Chicago","shortLabel":"CT","lat":35.6528,"lon":-97.4781},
  {"name":"Stillwater","state":"OK","timezone":"America/Chicago","shortLabel":"CT","lat":36.1156,"lon":-97.0584},
  {"name":"Portland","state":"OR","timezone":"America/Los_Angeles","shortLabel":"PT","lat":45.5152,"lon":-122.6784},
  {"name":"Salem","state":"OR","timezone":"America/Los_Angeles","shortLabel":"PT","lat":44.9429,"lon":-123.0351},
  {"name":"Eugene","state":"OR","timezone":"America/Los_Angeles","shortLabel":"PT","lat":44.0521,"lon":-123.0868},
  {"name":"Gresham","state":"OR","timezone":"America/Los_Angeles","shortLabel":"PT","lat":45.5037,"lon":-122.4334},
  {"name":"Hillsboro","state":"OR","timezone":"America/Los_Angeles","shortLabel":"PT","lat":45.5229,"lon":-122.9899},
  {"name":"Beaverton","state":"OR","timezone":"America/Los_Angeles","shortLabel":"PT","lat":45.4871,"lon":-122.8037},
  {"name":"Bend","state":"OR","timezone":"America/Los_Angeles","shortLabel":"PT","lat":44.0582,"lon":-121.3153},
  {"name":"Medford","state":"OR","timezone":"America/Los_Angeles","shortLabel":"PT","lat":42.3265,"lon":-122.8756},
  {"name":"Ashland","state":"OR","timezone":"America/Los_Angeles","shortLabel":"PT","lat":42.1946,"lon":-122.7095},
  {"name":"Ontario","state":"OR","timezone":"America/Boise","shortLabel":"MT","lat":44.0268,"lon":-116.9629},
  {"name":"Philadelphia","state":"PA","timezone":"America/New_York","shortLabel":"ET","lat":39.9526,"lon":-75.1652},
  {"name":"Pittsburgh","state":"PA","timezone":"America/New_York","shortLabel":"ET","lat":40.4406,"lon":-79.9959},
  {"name":"Allentown","state":"PA","timezone":"America/New_York","shortLabel":"ET","lat":40.6084,"lon":-75.4902},
  {"name":"Erie","state":"PA","timezone":"America/New_York","shortLabel":"ET","lat":42.1292,"lon":-80.0851},
  {"name":"Reading","state":"PA","timezone":"America/New_York","shortLabel":"ET","lat":40.3357,"lon":-75.9269},
  {"name":"Scranton","state":"PA","timezone":"America/New_York","shortLabel":"ET","lat":41.409,"lon":-75.6624},
  {"name":"Harrisburg","state":"PA","timezone":"America/New_York","shortLabel":"ET","lat":40.2732,"lon":-76.8867},
  {"name":"Lancaster","state":"PA","timezone":"America/New_York","shortLabel":"ET","lat":40.0379,"lon":-76.3055},
  {"name":"Gettysburg","state":"PA","timezone":"America/New_York","shortLabel":"ET","lat":39.8309,"lon":-77.2311},
  {"name":"Providence","state":"RI","timezone":"America/New_York","shortLabel":"ET","lat":41.824,"lon":-71.4128},
  {"name":"Warwick","state":"RI","timezone":"America/New_York","shortLabel":"ET","lat":41.7001,"lon":-71.4162},
  {"name":"Cranston","state":"RI","timezone":"America/New_York","shortLabel":"ET","lat":41.7801,"lon":-71.437},
  {"name":"Pawtucket","state":"RI","timezone":"America/New_York","shortLabel":"ET","lat":41.8762,"lon":-71.3828},
  {"name":"Newport","state":"RI","timezone":"America/New_York","shortLabel":"ET","lat":41.4901,"lon":-71.3128},
  {"name":"Columbia","state":"SC","timezone":"America/New_York","shortLabel":"ET","lat":34.0007,"lon":-81.0348},
  {"name":"Charleston","state":"SC","timezone":"America/New_York","shortLabel":"ET","lat":32.7765,"lon":-79.9311},
  {"name":"North Charleston","state":"SC","timezone":"America/New_York","shortLabel":"ET","lat":32.8546,"lon":-79.9749},
  {"name":"Mount Pleasant","state":"SC","timezone":"America/New_York","shortLabel":"ET","lat":32.7941,"lon":-79.8626},
  {"name":"Rock Hill","state":"SC","timezone":"America/New_York","shortLabel":"ET","lat":34.9249,"lon":-81.0251},
  {"name":"Greenville","state":"SC","timezone":"America/New_York","shortLabel":"ET","lat":34.8526,"lon":-82.394},
  {"name":"Myrtle Beach","state":"SC","timezone":"America/New_York","shortLabel":"ET","lat":33.6891,"lon":-78.8867},
  {"name":"Hilton Head Island","state":"SC","timezone":"America/New_York","shortLabel":"ET","lat":32.2163,"lon":-80.7526},
  {"name":"Sioux Falls","state":"SD","timezone":"America/Chicago","shortLabel":"CT","lat":43.5446,"lon":-96.7311},
  {"name":"Rapid City","state":"SD","timezone":"America/Denver","shortLabel":"MT","lat":44.0805,"lon":-103.231},
  {"name":"Aberdeen","state":"SD","timezone":"America/Chicago","shortLabel":"CT","lat":45.4647,"lon":-98.4865},
  {"name":"Brookings","state":"SD","timezone":"America/Chicago","shortLabel":"CT","lat":44.3114,"lon":-96.7984},
  {"name":"Pierre","state":"SD","timezone":"America/Chicago","shortLabel":"CT","lat":44.3683,"lon":-100.351},
  {"name":"Deadwood","state":"SD","timezone":"America/Denver","shortLabel":"MT","lat":44.3769,"lon":-103.7296},
  {"name":"Nashville","state":"TN","timezone":"America/Chicago","shortLabel":"CT","lat":36.1627,"lon":-86.7816},
  {"name":"Memphis","state":"TN","timezone":"America/Chicago","shortLabel":"CT","lat":35.1495,"lon":-90.049},
  {"name":"Knoxville","state":"TN","timezone":"America/New_York","shortLabel":"ET","lat":35.9606,"lon":-83.9207},
  {"name":"Chattanooga","state":"TN","timezone":"America/New_York","shortLabel":"ET","lat":35.0456,"lon":-85.3097},
  {"name":"Clarksville","state":"TN","timezone":"America/Chicago","shortLabel":"CT","lat":36.5298,"lon":-87.3595},
  {"name":"Murfreesboro","state":"TN","timezone":"America/Chicago","shortLabel":"CT","lat":35.8456,"lon":-86.3903},
  {"name":"Franklin","state":"TN","timezone":"America/Chicago","shortLabel":"CT","lat":35.9251,"lon":-86.8689},
  {"name":"Gatlinburg","state":"TN","timezone":"America/New_York","shortLabel":"ET","lat":35.7143,"lon":-83.5102},
  {"name":"Houston","state":"TX","timezone":"America/Chicago","shortLabel":"CT","lat":29.7604,"lon":-95.3698},
  {"name":"San Antonio","state":"TX","timezone":"America/Chicago","shortLabel":"CT","lat":29.4241,"lon":-98.4936},
  {"name":"Dallas","state":"TX","timezone":"America/Chicago","shortLabel":"CT","lat":32.7767,"lon":-96.797},
  {"name":"Austin","state":"TX","timezone":"America/Chicago","shortLabel":"CT","lat":30.2672,"lon":-97.7431},
  {"name":"Fort Worth","state":"TX","timezone":"America/Chicago","shortLabel":"CT","lat":32.7555,"lon":-97.3308},
  {"name":"El Paso","state":"TX","timezone":"America/Denver","shortLabel":"MT","lat":31.7619,"lon":-106.485},
  {"name":"Arlington","state":"TX","timezone":"America/Chicago","shortLabel":"CT","lat":32.7357,"lon":-97.1081},
  {"name":"Corpus Christi","state":"TX","timezone":"America/Chicago","shortLabel":"CT","lat":27.8006,"lon":-97.3964},
  {"name":"Plano","state":"TX","timezone":"America/Chicago","shortLabel":"CT","lat":33.0198,"lon":-96.6989},
  {"name":"Lubbock","state":"TX","timezone":"America/Chicago","shortLabel":"CT","lat":33.5779,"lon":-101.8552},
  {"name":"Amarillo","state":"TX","timezone":"America/Chicago","shortLabel":"CT","lat":35.222,"lon":-101.8313},
  {"name":"Galveston","state":"TX","timezone":"America/Chicago","shortLabel":"CT","lat":29.3013,"lon":-94.7977},
  {"name":"Salt Lake City","state":"UT","timezone":"America/Denver","shortLabel":"MT","lat":40.7608,"lon":-111.891},
  {"name":"West Valley City","state":"UT","timezone":"America/Denver","shortLabel":"MT","lat":40.7091,"lon":-111.9927},
  {"name":"Provo","state":"UT","timezone":"America/Denver","shortLabel":"MT","lat":40.2338,"lon":-111.6585},
  {"name":"West Jordan","state":"UT","timezone":"America/Denver","shortLabel":"MT","lat":40.613,"lon":-111.9391},
  {"name":"Orem","state":"UT","timezone":"America/Denver","shortLabel":"MT","lat":40.2969,"lon":-111.6946},
  {"name":"Sandy","state":"UT","timezone":"America/Denver","shortLabel":"MT","lat":40.5738,"lon":-111.8591},
  {"name":"Ogden","state":"UT","timezone":"America/Denver","shortLabel":"MT","lat":41.223,"lon":-111.9738},
  {"name":"St. George","state":"UT","timezone":"America/Denver","shortLabel":"MT","lat":37.1041,"lon":-113.5841},
  {"name":"Park City","state":"UT","timezone":"America/Denver","shortLabel":"MT","lat":40.6461,"lon":-111.498},
  {"name":"Moab","state":"UT","timezone":"America/Denver","shortLabel":"MT","lat":38.5733,"lon":-109.5498},
  {"name":"Burlington","state":"VT","timezone":"America/New_York","shortLabel":"ET","lat":44.4759,"lon":-73.2121},
  {"name":"Essex","state":"VT","timezone":"America/New_York","shortLabel":"ET","lat":44.502,"lon":-73.1118},
  {"name":"South Burlington","state":"VT","timezone":"America/New_York","shortLabel":"ET","lat":44.4673,"lon":-73.1724},
  {"name":"Rutland","state":"VT","timezone":"America/New_York","shortLabel":"ET","lat":43.6106,"lon":-72.9726},
  {"name":"Montpelier","state":"VT","timezone":"America/New_York","shortLabel":"ET","lat":44.2601,"lon":-72.5754},
  {"name":"Stowe","state":"VT","timezone":"America/New_York","shortLabel":"ET","lat":44.4654,"lon":-72.6868},
  {"name":"Virginia Beach","state":"VA","timezone":"America/New_York","shortLabel":"ET","lat":36.8529,"lon":-75.978},
  {"name":"Norfolk","state":"VA","timezone":"America/New_York","shortLabel":"ET","lat":36.8508,"lon":-76.2859},
  {"name":"Chesapeake","state":"VA","timezone":"America/New_York","shortLabel":"ET","lat":36.7799,"lon":-76.2499},
  {"name":"Richmond","state":"VA","timezone":"America/New_York","shortLabel":"ET","lat":37.5407,"lon":-77.436},
  {"name":"Newport News","state":"VA","timezone":"America/New_York","shortLabel":"ET","lat":37.0857,"lon":-76.4852},
  {"name":"Alexandria","state":"VA","timezone":"America/New_York","shortLabel":"ET","lat":38.8048,"lon":-77.0469},
  {"name":"Arlington","state":"VA","timezone":"America/New_York","shortLabel":"ET","lat":38.8799,"lon":-77.1068},
  {"name":"Hampton","state":"VA","timezone":"America/New_York","shortLabel":"ET","lat":37.0299,"lon":-76.3452},
  {"name":"Roanoke","state":"VA","timezone":"America/New_York","shortLabel":"ET","lat":37.271,"lon":-79.9414},
  {"name":"Charlottesville","state":"VA","timezone":"America/New_York","shortLabel":"ET","lat":38.0293,"lon":-78.4767},
  {"name":"Williamsburg","state":"VA","timezone":"America/New_York","shortLabel":"ET","lat":37.2707,"lon":-76.7075},
  {"name":"Seattle","state":"WA","timezone":"America/Los_Angeles","shortLabel":"PT","lat":47.6062,"lon":-122.3321},
  {"name":"Spokane","state":"WA","timezone":"America/Los_Angeles","shortLabel":"PT","lat":47.6588,"lon":-117.4261},
  {"name":"Tacoma","state":"WA","timezone":"America/Los_Angeles","shortLabel":"PT","lat":47.2529,"lon":-122.4443},
  {"name":"Vancouver","state":"WA","timezone":"America/Los_Angeles","shortLabel":"PT","lat":45.6387,"lon":-122.6615},
  {"name":"Bellevue","state":"WA","timezone":"America/Los_Angeles","shortLabel":"PT","lat":47.6101,"lon":-122.2015},
  {"name":"Kent","state":"WA","timezone":"America/Los_Angeles","shortLabel":"PT","lat":47.3809,"lon":-122.2348},
  {"name":"Everett","state":"WA","timezone":"America/Los_Angeles","shortLabel":"PT","lat":47.979,"lon":-122.2021},
  {"name":"Olympia","state":"WA","timezone":"America/Los_Angeles","shortLabel":"PT","lat":47.0379,"lon":-122.9007},
  {"name":"Bellingham","state":"WA","timezone":"America/Los_Angeles","shortLabel":"PT","lat":48.7519,"lon":-122.4787},
  {"name":"Leavenworth","state":"WA","timezone":"America/Los_Angeles","shortLabel":"PT","lat":47.5962,"lon":-120.6615},
  {"name":"Charleston","state":"WV","timezone":"America/New_York","shortLabel":"ET","lat":38.3498,"lon":-81.6326},
  {"name":"Huntington","state":"WV","timezone":"America/New_York","shortLabel":"ET","lat":38.4192,"lon":-82.4452},
  {"name":"Morgantown","state":"WV","timezone":"America/New_York","shortLabel":"ET","lat":39.6295,"lon":-79.9559},
  {"name":"Parkersburg","state":"WV","timezone":"America/New_York","shortLabel":"ET","lat":39.2662,"lon":-81.5615},
  {"name":"Wheeling","state":"WV","timezone":"America/New_York","shortLabel":"ET","lat":40.0637,"lon":-80.7209},
  {"name":"Harpers Ferry","state":"WV","timezone":"America/New_York","shortLabel":"ET","lat":39.3229,"lon":-77.7331},
  {"name":"Milwaukee","state":"WI","timezone":"America/Chicago","shortLabel":"CT","lat":43.0389,"lon":-87.9065},
  {"name":"Madison","state":"WI","timezone":"America/Chicago","shortLabel":"CT","lat":43.0731,"lon":-89.4012},
  {"name":"Green Bay","state":"WI","timezone":"America/Chicago","shortLabel":"CT","lat":44.5192,"lon":-88.0198},
  {"name":"Kenosha","state":"WI","timezone":"America/Chicago","shortLabel":"CT","lat":42.5847,"lon":-87.8212},
  {"name":"Racine","state":"WI","timezone":"America/Chicago","shortLabel":"CT","lat":42.7261,"lon":-87.7828},
  {"name":"Appleton","state":"WI","timezone":"America/Chicago","shortLabel":"CT","lat":44.2619,"lon":-88.4154},
  {"name":"Eau Claire","state":"WI","timezone":"America/Chicago","shortLabel":"CT","lat":44.8113,"lon":-91.4985},
  {"name":"La Crosse","state":"WI","timezone":"America/Chicago","shortLabel":"CT","lat":43.8013,"lon":-91.2396},
  {"name":"Wisconsin Dells","state":"WI","timezone":"America/Chicago","shortLabel":"CT","lat":43.6275,"lon":-89.7709},
  {"name":"Cheyenne","state":"WY","timezone":"America/Denver","shortLabel":"MT","lat":41.14,"lon":-104.8202},
  {"name":"Casper","state":"WY","timezone":"America/Denver","shortLabel":"MT","lat":42.8666,"lon":-106.3131},
  {"name":"Laramie","state":"WY","timezone":"America/Denver","shortLabel":"MT","lat":41.3114,"lon":-105.5911},
  {"name":"Gillette","state":"WY","timezone":"America/Denver","shortLabel":"MT","lat":44.2911,"lon":-105.5022},
  {"name":"Rock Springs","state":"WY","timezone":"America/Denver","shortLabel":"MT","lat":41.5875,"lon":-109.2029},
  {"name":"Jackson","state":"WY","timezone":"America/Denver","shortLabel":"MT","lat":43.4799,"lon":-110.7624},
  {"name":"Cody","state":"WY","timezone":"America/Denver","shortLabel":"MT","lat":44.5263,"lon":-109.0565},
  {"name":"Abbeville","state":"AL","timezone":"America/Chicago","shortLabel":"CT","lat":31.566,"lon":-85.2519},
  {"name":"Adamsville","state":"AL","timezone":"America/Chicago","shortLabel":"CT","lat":33.6,"lon":-86.9536},
  {"name":"Alabaster","state":"AL","timezone":"America/Chicago","shortLabel":"CT","lat":33.244,"lon":-86.8164},
  {"name":"Albertville","state":"AL","timezone":"America/Chicago","shortLabel":"CT","lat":34.2676,"lon":-86.2089},
  {"name":"Alexander City","state":"AL","timezone":"America/Chicago","shortLabel":"CT","lat":32.9432,"lon":-85.9536},
  {"name":"Andalusia","state":"AL","timezone":"America/Chicago","shortLabel":"CT","lat":31.3093,"lon":-86.483},
  {"name":"Anniston","state":"AL","timezone":"America/Chicago","shortLabel":"CT","lat":33.6598,"lon":-85.8316},
  {"name":"Arab","state":"AL","timezone":"America/Chicago","shortLabel":"CT","lat":34.3298,"lon":-86.4958},
  {"name":"Atmore","state":"AL","timezone":"America/Chicago","shortLabel":"CT","lat":31.0221,"lon":-87.4947},
  {"name":"Bessemer","state":"AL","timezone":"America/Chicago","shortLabel":"CT","lat":33.4018,"lon":-86.9544},
  {"name":"Bethel","state":"AK","timezone":"America/Anchorage","shortLabel":"AKT","lat":60.7922,"lon":-161.7558},
  {"name":"Cordova","state":"AK","timezone":"America/Anchorage","shortLabel":"AKT","lat":60.5422,"lon":-145.7578},
  {"name":"Homer","state":"AK","timezone":"America/Anchorage","shortLabel":"AKT","lat":59.6425,"lon":-151.5483},
  {"name":"Palmer","state":"AK","timezone":"America/Anchorage","shortLabel":"AKT","lat":61.5997,"lon":-149.115},
  {"name":"Seward","state":"AK","timezone":"America/Anchorage","shortLabel":"AKT","lat":60.1042,"lon":-149.4428},
  {"name":"Skagway","state":"AK","timezone":"America/Juneau","shortLabel":"AKT","lat":59.4539,"lon":-135.3181},
  {"name":"Unalaska","state":"AK","timezone":"America/Adak","shortLabel":"HAT","lat":53.88,"lon":-166.5258},
  {"name":"Valdez","state":"AK","timezone":"America/Anchorage","shortLabel":"AKT","lat":61.1308,"lon":-146.3483},
  {"name":"Apache Junction","state":"AZ","timezone":"America/Phoenix","shortLabel":"MST","lat":33.4152,"lon":-111.5492},
  {"name":"Avondale","state":"AZ","timezone":"America/Phoenix","shortLabel":"MST","lat":33.4356,"lon":-112.3496},
  {"name":"Bisbee","state":"AZ","timezone":"America/Phoenix","shortLabel":"MST","lat":31.4427,"lon":-109.9298},
  {"name":"Bullhead City","state":"AZ","timezone":"America/Phoenix","shortLabel":"MST","lat":35.1481,"lon":-114.5694},
  {"name":"Casa Grande","state":"AZ","timezone":"America/Phoenix","shortLabel":"MST","lat":32.8795,"lon":-111.7574},
  {"name":"Goodyear","state":"AZ","timezone":"America/Phoenix","shortLabel":"MST","lat":33.4354,"lon":-112.3582},
  {"name":"Kingman","state":"AZ","timezone":"America/Phoenix","shortLabel":"MST","lat":35.1894,"lon":-114.053},
  {"name":"Lake Havasu City","state":"AZ","timezone":"America/Phoenix","shortLabel":"MST","lat":34.4839,"lon":-114.3224},
  {"name":"Maricopa","state":"AZ","timezone":"America/Phoenix","shortLabel":"MST","lat":33.0581,"lon":-112.0476},
  {"name":"Nogales","state":"AZ","timezone":"America/Phoenix","shortLabel":"MST","lat":31.3484,"lon":-110.9387},
  {"name":"Payson","state":"AZ","timezone":"America/Phoenix","shortLabel":"MST","lat":34.2403,"lon":-111.3282},
  {"name":"Peoria","state":"AZ","timezone":"America/Phoenix","shortLabel":"MST","lat":33.5806,"lon":-112.2374},
  {"name":"Sierra Vista","state":"AZ","timezone":"America/Phoenix","shortLabel":"MST","lat":31.5544,"lon":-110.3013},
  {"name":"Surprise","state":"AZ","timezone":"America/Phoenix","shortLabel":"MST","lat":33.6292,"lon":-112.3679},
  {"name":"Tombstone","state":"AZ","timezone":"America/Phoenix","shortLabel":"MST","lat":31.7132,"lon":-110.0656},
  {"name":"Arkadelphia","state":"AR","timezone":"America/Chicago","shortLabel":"CT","lat":34.1209,"lon":-93.056},
  {"name":"Batesville","state":"AR","timezone":"America/Chicago","shortLabel":"CT","lat":35.772,"lon":-91.6415},
  {"name":"Bella Vista","state":"AR","timezone":"America/Chicago","shortLabel":"CT","lat":36.4717,"lon":-94.2721},
  {"name":"Blytheville","state":"AR","timezone":"America/Chicago","shortLabel":"CT","lat":35.9301,"lon":-89.8918},
  {"name":"Cabot","state":"AR","timezone":"America/Chicago","shortLabel":"CT","lat":34.9751,"lon":-92.0165},
  {"name":"El Dorado","state":"AR","timezone":"America/Chicago","shortLabel":"CT","lat":33.2085,"lon":-92.6654},
  {"name":"Eureka Springs","state":"AR","timezone":"America/Chicago","shortLabel":"CT","lat":36.4012,"lon":-93.738},
  {"name":"Helena-West Helena","state":"AR","timezone":"America/Chicago","shortLabel":"CT","lat":34.5298,"lon":-90.5915},
  {"name":"Hope","state":"AR","timezone":"America/Chicago","shortLabel":"CT","lat":33.6671,"lon":-93.5916},
  {"name":"Jacksonville","state":"AR","timezone":"America/Chicago","shortLabel":"CT","lat":34.8693,"lon":-92.1157},
  {"name":"Magnolia","state":"AR","timezone":"America/Chicago","shortLabel":"CT","lat":33.2671,"lon":-93.236},
  {"name":"Mountain Home","state":"AR","timezone":"America/Chicago","shortLabel":"CT","lat":36.3331,"lon":-92.3838},
  {"name":"Paragould","state":"AR","timezone":"America/Chicago","shortLabel":"CT","lat":36.059,"lon":-90.4957},
  {"name":"Russellville","state":"AR","timezone":"America/Chicago","shortLabel":"CT","lat":35.2784,"lon":-93.1338},
  {"name":"Searcy","state":"AR","timezone":"America/Chicago","shortLabel":"CT","lat":35.2506,"lon":-91.7346},
  {"name":"Texarkana","state":"AR","timezone":"America/Chicago","shortLabel":"CT","lat":33.4251,"lon":-94.0477},
  {"name":"Van Buren","state":"AR","timezone":"America/Chicago","shortLabel":"CT","lat":35.4373,"lon":-94.348},
  {"name":"West Memphis","state":"AR","timezone":"America/Chicago","shortLabel":"CT","lat":35.1512,"lon":-90.1784},
  {"name":"Alameda","state":"CA","timezone":"America/Los_Angeles","shortLabel":"PT","lat":37.7652,"lon":-122.2416},
  {"name":"Alhambra","state":"CA","timezone":"America/Los_Angeles","shortLabel":"PT","lat":34.0953,"lon":-118.127},
  {"name":"Antioch","state":"CA","timezone":"America/Los_Angeles","shortLabel":"PT","lat":38.0049,"lon":-121.8058},
  {"name":"Arcadia","state":"CA","timezone":"America/Los_Angeles","shortLabel":"PT","lat":34.1397,"lon":-118.0353},
  {"name":"Berkeley","state":"CA","timezone":"America/Los_Angeles","shortLabel":"PT","lat":37.8716,"lon":-122.2727},
  {"name":"Beverly Hills","state":"CA","timezone":"America/Los_Angeles","shortLabel":"PT","lat":34.0736,"lon":-118.4004},
  {"name":"Burbank","state":"CA","timezone":"America/Los_Angeles","shortLabel":"PT","lat":34.1808,"lon":-118.309},
  {"name":"Carlsbad","state":"CA","timezone":"America/Los_Angeles","shortLabel":"PT","lat":33.1581,"lon":-117.3506},
  {"name":"Carson","state":"CA","timezone":"America/Los_Angeles","shortLabel":"PT","lat":33.8317,"lon":-118.2817},
  {"name":"Chico","state":"CA","timezone":"America/Los_Angeles","shortLabel":"PT","lat":39.7285,"lon":-121.8375},
  {"name":"Chula Vista","state":"CA","timezone":"America/Los_Angeles","shortLabel":"PT","lat":32.64,"lon":-117.0842},
  {"name":"Citrus Heights","state":"CA","timezone":"America/Los_Angeles","shortLabel":"PT","lat":38.6946,"lon":-121.288},
  {"name":"Clovis","state":"CA","timezone":"America/Los_Angeles","shortLabel":"PT","lat":36.8252,"lon":-119.7029},
  {"name":"Compton","state":"CA","timezone":"America/Los_Angeles","shortLabel":"PT","lat":33.8958,"lon":-118.2201},
  {"name":"Concord","state":"CA","timezone":"America/Los_Angeles","shortLabel":"PT","lat":37.978,"lon":-122.0311},
  {"name":"Corona","state":"CA","timezone":"America/Los_Angeles","shortLabel":"PT","lat":33.8753,"lon":-117.5664},
  {"name":"Costa Mesa","state":"CA","timezone":"America/Los_Angeles","shortLabel":"PT","lat":33.6411,"lon":-117.9187},
  {"name":"Cupertino","state":"CA","timezone":"America/Los_Angeles","shortLabel":"PT","lat":37.323,"lon":-122.0322},
  {"name":"Daly City","state":"CA","timezone":"America/Los_Angeles","shortLabel":"PT","lat":37.6879,"lon":-122.4702},
  {"name":"Davis","state":"CA","timezone":"America/Los_Angeles","shortLabel":"PT","lat":38.5449,"lon":-121.7405},
  {"name":"Downey","state":"CA","timezone":"America/Los_Angeles","shortLabel":"PT","lat":33.94,"lon":-118.132},
  {"name":"El Cajon","state":"CA","timezone":"America/Los_Angeles","shortLabel":"PT","lat":32.7948,"lon":-116.9625},
  {"name":"Elk Grove","state":"CA","timezone":"America/Los_Angeles","shortLabel":"PT","lat":38.4088,"lon":-121.3716},
  {"name":"Escondido","state":"CA","timezone":"America/Los_Angeles","shortLabel":"PT","lat":33.1192,"lon":-117.0864},
  {"name":"Fairfield","state":"CA","timezone":"America/Los_Angeles","shortLabel":"PT","lat":38.2494,"lon":-122.04},
  {"name":"Fontana","state":"CA","timezone":"America/Los_Angeles","shortLabel":"PT","lat":34.0922,"lon":-117.435},
  {"name":"Fremont","state":"CA","timezone":"America/Los_Angeles","shortLabel":"PT","lat":37.5483,"lon":-121.9886},
  {"name":"Fullerton","state":"CA","timezone":"America/Los_Angeles","shortLabel":"PT","lat":33.8704,"lon":-117.9242},
  {"name":"Garden Grove","state":"CA","timezone":"America/Los_Angeles","shortLabel":"PT","lat":33.7742,"lon":-117.9381},
  {"name":"Glendale","state":"CA","timezone":"America/Los_Angeles","shortLabel":"PT","lat":34.1425,"lon":-118.2551},
  {"name":"Hayward","state":"CA","timezone":"America/Los_Angeles","shortLabel":"PT","lat":37.6688,"lon":-122.0808},
  {"name":"Huntington Beach","state":"CA","timezone":"America/Los_Angeles","shortLabel":"PT","lat":33.66,"lon":-117.9992},
  {"name":"Inglewood","state":"CA","timezone":"America/Los_Angeles","shortLabel":"PT","lat":33.9617,"lon":-118.3531},
  {"name":"Laguna Beach","state":"CA","timezone":"America/Los_Angeles","shortLabel":"PT","lat":33.5428,"lon":-117.7831},
  {"name":"Lancaster","state":"CA","timezone":"America/Los_Angeles","shortLabel":"PT","lat":34.6975,"lon":-118.1367},
  {"name":"Livermore","state":"CA","timezone":"America/Los_Angeles","shortLabel":"PT","lat":37.6819,"lon":-121.768},
  {"name":"Malibu","state":"CA","timezone":"America/Los_Angeles","shortLabel":"PT","lat":34.0259,"lon":-118.7798},
  {"name":"Menlo Park","state":"CA","timezone":"America/Los_Angeles","shortLabel":"PT","lat":37.4529,"lon":-122.1817},
  {"name":"Merced","state":"CA","timezone":"America/Los_Angeles","shortLabel":"PT","lat":37.3022,"lon":-120.483},
  {"name":"Modesto","state":"CA","timezone":"America/Los_Angeles","shortLabel":"PT","lat":37.6391,"lon":-120.9969},
  {"name":"Moreno Valley","state":"CA","timezone":"America/Los_Angeles","shortLabel":"PT","lat":33.9425,"lon":-117.2297},
  {"name":"Mountain View","state":"CA","timezone":"America/Los_Angeles","shortLabel":"PT","lat":37.3861,"lon":-122.0839},
  {"name":"Napa","state":"CA","timezone":"America/Los_Angeles","shortLabel":"PT","lat":38.2975,"lon":-122.2855},
  {"name":"Newport Beach","state":"CA","timezone":"America/Los_Angeles","shortLabel":"PT","lat":33.6189,"lon":-117.9292},
  {"name":"Norwalk","state":"CA","timezone":"America/Los_Angeles","shortLabel":"PT","lat":33.9022,"lon":-118.0817},
  {"name":"Ontario","state":"CA","timezone":"America/Los_Angeles","shortLabel":"PT","lat":34.0633,"lon":-117.6509},
  {"name":"Orange","state":"CA","timezone":"America/Los_Angeles","shortLabel":"PT","lat":33.7879,"lon":-117.8531},
  {"name":"Oxnard","state":"CA","timezone":"America/Los_Angeles","shortLabel":"PT","lat":34.1975,"lon":-119.1771},
  {"name":"Palmdale","state":"CA","timezone":"America/Los_Angeles","shortLabel":"PT","lat":34.5794,"lon":-118.1165},
  {"name":"Pasadena","state":"CA","timezone":"America/Los_Angeles","shortLabel":"PT","lat":34.1478,"lon":-118.1445},
  {"name":"Pleasanton","state":"CA","timezone":"America/Los_Angeles","shortLabel":"PT","lat":37.6624,"lon":-121.8747},
  {"name":"Pomona","state":"CA","timezone":"America/Los_Angeles","shortLabel":"PT","lat":34.0617,"lon":-117.75},
  {"name":"Rancho Cucamonga","state":"CA","timezone":"America/Los_Angeles","shortLabel":"PT","lat":34.1064,"lon":-117.585},
  {"name":"Redwood City","state":"CA","timezone":"America/Los_Angeles","shortLabel":"PT","lat":37.4852,"lon":-122.2364},
  {"name":"Richmond","state":"CA","timezone":"America/Los_Angeles","shortLabel":"PT","lat":37.9358,"lon":-122.3477},
  {"name":"Roseville","state":"CA","timezone":"America/Los_Angeles","shortLabel":"PT","lat":38.7521,"lon":-121.288},
  {"name":"Salinas","state":"CA","timezone":"America/Los_Angeles","shortLabel":"PT","lat":36.6777,"lon":-121.6555},
  {"name":"San Bernardino","state":"CA","timezone":"America/Los_Angeles","shortLabel":"PT","lat":34.1083,"lon":-117.2898},
  {"name":"San Clemente","state":"CA","timezone":"America/Los_Angeles","shortLabel":"PT","lat":33.4269,"lon":-117.612},
  {"name":"San Leandro","state":"CA","timezone":"America/Los_Angeles","shortLabel":"PT","lat":37.725,"lon":-122.1569},
  {"name":"San Mateo","state":"CA","timezone":"America/Los_Angeles","shortLabel":"PT","lat":37.563,"lon":-122.3255},
  {"name":"San Rafael","state":"CA","timezone":"America/Los_Angeles","shortLabel":"PT","lat":37.9735,"lon":-122.5311},
  {"name":"Santa Clara","state":"CA","timezone":"America/Los_Angeles","shortLabel":"PT","lat":37.3541,"lon":-121.9552},
  {"name":"Santa Clarita","state":"CA","timezone":"America/Los_Angeles","shortLabel":"PT","lat":34.3917,"lon":-118.5426},
  {"name":"Santa Cruz","state":"CA","timezone":"America/Los_Angeles","shortLabel":"PT","lat":36.9741,"lon":-122.0308},
  {"name":"Santa Monica","state":"CA","timezone":"America/Los_Angeles","shortLabel":"PT","lat":34.0195,"lon":-118.4912},
  {"name":"Santa Rosa","state":"CA","timezone":"America/Los_Angeles","shortLabel":"PT","lat":38.4404,"lon":-122.7141},
  {"name":"Simi Valley","state":"CA","timezone":"America/Los_Angeles","shortLabel":"PT","lat":34.2694,"lon":-118.7815},
  {"name":"Sonoma","state":"CA","timezone":"America/Los_Angeles","shortLabel":"PT","lat":38.2919,"lon":-122.458},
  {"name":"South Gate","state":"CA","timezone":"America/Los_Angeles","shortLabel":"PT","lat":33.9547,"lon":-118.212},
  {"name":"Sunnyvale","state":"CA","timezone":"America/Los_Angeles","shortLabel":"PT","lat":37.3688,"lon":-122.0363},
  {"name":"Temecula","state":"CA","timezone":"America/Los_Angeles","shortLabel":"PT","lat":33.4936,"lon":-117.1483},
  {"name":"Thousand Oaks","state":"CA","timezone":"America/Los_Angeles","shortLabel":"PT","lat":34.1706,"lon":-118.8376},
  {"name":"Torrance","state":"CA","timezone":"America/Los_Angeles","shortLabel":"PT","lat":33.8358,"lon":-118.3406},
  {"name":"Vallejo","state":"CA","timezone":"America/Los_Angeles","shortLabel":"PT","lat":38.1041,"lon":-122.2566},
  {"name":"Ventura","state":"CA","timezone":"America/Los_Angeles","shortLabel":"PT","lat":34.2746,"lon":-119.229},
  {"name":"Visalia","state":"CA","timezone":"America/Los_Angeles","shortLabel":"PT","lat":36.3302,"lon":-119.2921},
  {"name":"Walnut Creek","state":"CA","timezone":"America/Los_Angeles","shortLabel":"PT","lat":37.9101,"lon":-122.0652},
  {"name":"West Covina","state":"CA","timezone":"America/Los_Angeles","shortLabel":"PT","lat":34.0686,"lon":-117.939},
  {"name":"Yuba City","state":"CA","timezone":"America/Los_Angeles","shortLabel":"PT","lat":39.1404,"lon":-121.6169}
]
